{
  "NB_REQUESTS": [
    1,
    2,
    4,
    8,
    16,
    32,
    42
  ],
  "lamorel_times": [
    13.776427984237671,
    0.7608146667480469,
    1.4172630310058594,
    2.8523008823394775,
    5.398851156234741,
    10.519684076309204,
    13.94090461730957
  ]
}