{
  "NB_REQUESTS": [
    1,
    2,
    4,
    8,
    16,
    32,
    42
  ],
  "lamorel_times": [
    14.784851551055908,
    0.7575783729553223,
    1.4163763523101807,
    2.8514771461486816,
    5.479486465454102,
    10.912110328674316,
    14.254034280776978
  ]
}