{
  "NB_REQUESTS": [
    1,
    2,
    4,
    8,
    16,
    32,
    42
  ],
  "lamorel_times": [
    14.751405715942383,
    0.7619178295135498,
    1.419675588607788,
    2.86245059967041,
    5.739731311798096,
    11.526566505432129,
    15.257094144821167
  ]
}