{
  "NB_REQUESTS": [
    1,
    2,
    4,
    8,
    16,
    32,
    42
  ],
  "lamorel_times": [
    14.658181428909302,
    0.7599308490753174,
    1.4167265892028809,
    2.8449575901031494,
    5.400167226791382,
    10.518897533416748,
    14.020636796951294
  ]
}