{
  "NB_REQUESTS": [
    1,
    2,
    4,
    8,
    16,
    32
  ],
  "transformers_times": [
    4.101288795471191,
    0.34287238121032715,
    1.2705278396606445,
    2.3466637134552,
    5.170013427734375,
    9.202910900115967
  ]
}